{"preprocessing": {}, "meta": {"name": "iris-classification-postgresql", "version": 0, "language": "python", "framework": "scikit-learn", "URLDataSources": "", "SearchLoaderID": "", "secret": ""}, "domains": {"DoFloat": "Float"}, "dataset": {"db_config": {"db_type": "postgresql", "table": "iristest", "database": "traindb", "user": "postgres", "password": "admin", "host": "127.0.0.1", "port": "5432"}, "data_config": {"\"sepalLength\"": {"domain": "DoFloat", "is_label": false, "ifna": 0}, "\"sepalWidth\"": {"domain": "DoFloat", "is_label": false, "ifna": 0}, "\"petalLength\"": {"domain": "DoFloat", "is_label": false, "ifna": 0}, "\"petalWidth\"": {"domain": "DoFloat", "is_label": false, "ifna": 0}, "variety": {"domain": "DoLabel", "is_label": true}}}, "parameters": {"n_jobs": 1, "cv": 5, "metrics": "accuracy", "grid_search": true, "min_score": 0, "hyperparameters": {"max_depth": [1, 10, 100, 1000, 10000], "random_state": [0, 1]}, "model_class": "tree.DecisionTreeClassifier"}, "algorithm": {"package": "sklearn.tree", "name": "DecisionTreeClassifier", "type": "Classification", "labels": {"0": "Setosa", "1": "Versicolor", "2": "Virginica"}, "score": 0.9600000000000002}}