{"preprocessing": {}, "meta": {"name": "iris-classification-cassandra-spark", "version": 0, "language": "python", "framework": "scikit-learn", "URLDataSources": "", "SearchLoaderID": "", "secret": ""}, "dataset": {"db_config": {"db_type": "cassandra_spark", "table": "iris", "keyspace": "traindb", "clusters": ["127.0.0.1"]}, "data_config": {"sepallength": {"domain": "DoFloat", "is_label": false, "ifna": 0.0}, "sepalwidth": {"domain": "DoFloat", "is_label": false, "ifna": 0.0}, "petallength": {"domain": "DoFloat", "is_label": false, "ifna": 0.0}, "petalwidth": {"domain": "DoFloat", "is_label": false, "ifna": 0.0}, "variety": {"domain": "DoLabel", "is_label": true}}, "domains": {"DoFloat": "float", "DoLabel": "str"}}, "parameters": {"n_jobs": 1, "cv": 5, "metrics": "accuracy", "grid_search": true, "min_score": 0.0, "hyperparameters": {"max_depth": [1, 10, 100, 1000, 10000], "random_state": [0, 1]}}, "algorithm": {"package": "sklearn.tree", "name": "DecisionTreeClassifier", "type": "Classification", "score": 0.9600000000000002}}